Emp ID,Name Prefix,First Name,Middle Initial,Last Name,Gender,E Mail,Age in Yrs.,Date of Joining,Quarter of Joining,Half of Joining,Year of Joining,Month of Joining,Month Name of Joining,Day of Joining,Age in Company (Years),Salary,Monthly ,County,City,Current Record Flag,Function
601071,Ms.,Liz,H,Frank,F,liz.frank@hotmail.com,31.39,2/14/2009,Q1,H1,2009,2,February,14,8.45,111079.4,9256.616667,UK,Warrington,Y,IT
238361,Prof.,Derrick,T,Vaughn,M,derrick.vaughn@ibm.com,52.32,05/06/1990,Q2,H1,1990,5,May,6,27.25,107924.4,16188.7,UK,Liverpool,N,IT
135089,Prof.,Zachary,G,Gregory,M,zachary.gregory@cox.net,30.72,7/14/2010,Q3,H2,2010,7,July,14,7.04,107571.7,16135.8,UK,Warrington,Y,IT
468128,Mr.,Larry,G,Gray,M,larry.gray@outlook.com,23.88,7/31/2015,Q3,H2,2015,7,July,31,1.99,107417.8,16112.7,UK,Liverpool,N,IT
474759,Mr.,Johnny,E,Dunlap,M,johnny.dunlap@gmail.com,54.77,7/15/2012,Q3,H2,2012,7,July,15,5.04,107397.2,16109.6,UK,Warrington,Y,IT
597202,Dr.,Frederic,E,Stephenson,M,frederic.stephenson@gmail.com,47.82,4/23/2013,Q2,H1,2013,4,April,23,4.27,106943.3,16041.5,UK,Warrington,Y,IT
581261,Dr.,Willis,L,Rose,M,willis.rose@gmail.com,38.03,12/25/2010,Q4,H2,2010,12,December,25,6.59,106914.4,16037.2,UK,Warrington,N,IT
419075,Mrs.,Hallie,G,Cervantes,F,hallie.cervantes@aol.com,38.1,04/03/2016,Q2,H1,2016,4,April,3,1.32,106687.2,16003.1,UK,Liverpool,Y,IT
421955,Ms.,Sonia,X,Cook,F,sonia.cook@gmail.com,52.1,12/25/2012,Q4,H2,2012,12,December,25,4.59,106495,15974.3,UK,Warrington,Y,IT
252371,Mr.,Dante,Q,Farmer,M,dante.farmer@aol.com,32.06,8/18/2010,Q3,H2,2010,8,August,18,6.95,106162.8,15924.4,UK,Liverpool,Y,IT
906870,Mr.,Arnulfo,M,Pittman,M,arnulfo.pittman@yahoo.ca,44.87,05/11/2002,Q2,H1,2002,5,May,11,15.22,105949.4,15892.4,UK,Warrington,Y,IT
116530,Drs.,Noelle,G,Paul,F,noelle.paul@yahoo.com,53.52,11/19/1988,Q4,H2,1988,11,November,19,28.71,105897.8,15884.7,UK,Liverpool,N,IT
633255,Hon.,Yvette,U,Warner,F,yvette.warner@yahoo.com,21.13,07/09/2017,Q3,H2,2017,7,July,9,0.05,105877.2,15881.6,UK,Warrington,Y,IT
995242,Mr.,Leonel,K,Atkins,M,leonel.atkins@hotmail.com,21.06,7/27/2017,Q3,H2,2017,7,July,27,0,105853.9,15878.1,UK,Warrington,Y,IT
701223,Ms.,Esmeralda,P,Grant,F,esmeralda.grant@yahoo.com,26.62,1/24/2013,Q1,H1,2013,1,January,24,4.51,105759.4,15863.9,UK,Warrington,Y,IT
326407,Mrs.,Sophie,F,Bass,F,sophie.bass@hotmail.com,27.55,10/13/2011,Q4,H2,2011,10,October,13,5.79,105555.6,15833.3,UK,Liverpool,Y,IT
603179,Mr.,Andrew,V,Price,M,andrew.price@yahoo.co.uk,30.42,5/31/2009,Q2,H1,2009,5,May,31,8.16,105341.1,15801.2,UK,Liverpool,Y,IT
344607,Mr.,Gregg,T,Mann,M,gregg.mann@verizon.net,58.24,07/09/1998,Q3,H2,1998,7,July,9,19.07,104782.2,15717.3,UK,Liverpool,Y,IT
114425,Mrs.,Doris,G,Glenn,F,doris.glenn@yahoo.co.uk,41.56,09/02/2002,Q3,H2,2002,9,September,2,14.91,104520.6,15678.1,UK,Warrington,Y,IT
668717,Hon.,Danial,F,Watts,M,danial.watts@hotmail.com,57.99,06/09/2013,Q2,H1,2013,6,June,9,4.14,104456.7,15668.5,UK,Warrington,Y,IT
141022,Mr.,Rodger,D,Chavez,M,rodger.chavez@outlook.com,36.07,03/03/2005,Q1,H1,2005,3,March,3,12.41,104155.6,15623.3,UK,Liverpool,N,IT
597805,Hon.,Marquis,R,Perkins,M,marquis.perkins@aol.com,32.68,04/07/2012,Q2,H1,2012,4,April,7,5.31,103539.4,15530.9,UK,Warrington,Y,IT
590579,Ms.,Priscilla,Z,Mays,F,priscilla.mays@gmail.com,31.92,2/26/2017,Q1,H1,2017,2,February,26,0.42,102836.1,15425.4,UK,Warrington,Y,IT
178602,Mrs.,Kristina,Q,Mcgowan,F,kristina.mcgowan@gmail.com,38.94,05/11/2007,Q2,H1,2007,5,May,11,10.22,102786.7,15418,UK,Warrington,N,IT
591698,Ms.,Bobbie,C,Singleton,F,bobbie.singleton@yahoo.com,32.51,01/01/2011,Q1,H1,2011,1,January,1,6.58,102502.8,15375.4,UK,Liverpool,N,IT
890432,Mrs.,Kimberly,K,Summers,F,kimberly.summers@msn.com,58.61,4/30/2006,Q2,H1,2006,4,April,30,11.25,102262.8,15339.4,UK,Liverpool,N,IT
242740,Ms.,Olive,L,Livingston,F,olive.livingston@charter.net,36.49,9/16/2002,Q3,H2,2002,9,September,16,14.87,102226.7,15334,UK,Liverpool,N,IT
458765,Ms.,Kristina,W,Ware,F,kristina.ware@gmail.com,36.11,10/18/2006,Q4,H2,2006,10,October,18,10.78,102197.8,15329.7,UK,Liverpool,Y,IT
225139,Prof.,Elias,A,Pena,M,elias.pena@hotmail.com,21.38,04/08/2017,Q2,H1,2017,4,April,8,0.3,101925.6,15288.8,UK,Liverpool,N,IT
830006,Ms.,Enid,M,Pearson,F,enid.pearson@cox.net,45.03,4/24/2006,Q2,H1,2006,4,April,24,11.27,101735,15260.3,UK,Liverpool,N,IT
750124,Mr.,Barry,A,Garner,M,barry.garner@gmail.com,37.63,1/26/2014,Q1,H1,2014,1,January,26,3.5,101635.6,15245.3,UK,Liverpool,N,IT
282037,Mr.,Bruno,M,Whitney,M,bruno.whitney@sbcglobal.net,41.38,04/04/2010,Q2,H1,2010,4,April,4,7.32,101617.8,15242.7,UK,Liverpool,Y,IT
461385,Mrs.,Emma,E,Obrien,F,emma.obrien@gmail.com,50.9,12/02/2012,Q4,H2,2012,12,December,2,4.65,101594.4,15239.2,UK,Liverpool,Y,IT
232070,Mrs.,Carly,R,Leach,F,carly.leach@cox.net,46.6,12/20/2013,Q4,H2,2013,12,December,20,3.61,101327.8,15199.2,UK,Liverpool,N,IT
587373,Drs.,Lillian,J,Atkinson,F,lillian.atkinson@aol.com,24.44,12/26/2016,Q4,H2,2016,12,December,26,0.59,101020.6,15153.1,UK,Liverpool,N,IT
790389,Ms.,Claudette,W,Solomon,F,claudette.solomon@yahoo.com,32.62,7/24/2014,Q3,H2,2014,7,July,24,3.01,100890.6,15133.6,UK,Warrington,Y,IT
988937,Dr.,Boyd,L,Valencia,M,boyd.valencia@gmail.com,30.16,11/16/2016,Q4,H2,2016,11,November,16,0.7,100397.2,15059.6,UK,Liverpool,Y,IT
264960,Dr.,Brent,J,Bryant,M,brent.bryant@aol.com,57.26,12/30/1985,Q4,H2,1985,12,December,30,31.6,100260,15039,UK,Warrington,Y,IT
798671,Mr.,Adolph,L,Skinner,M,adolph.skinner@gmail.com,52.89,5/26/2008,Q2,H1,2008,5,May,26,9.18,100218.3,15032.8,UK,Liverpool,N,IT
266284,Hon.,Dominic,U,Henson,M,dominic.henson@aol.com,38.33,02/06/2003,Q1,H1,2003,2,February,6,14.48,100034.4,15005.2,UK,Warrington,Y,IT
641096,Mrs.,Kerry,C,Pitts,F,kerry.pitts@aol.com,28.25,04/04/2017,Q2,H1,2017,4,April,4,0.32,99603.3,14940.5,UK,Liverpool,Y,IT
308617,Mrs.,Aileen,D,Blanchard,F,aileen.blanchard@gmail.com,30.67,7/18/2009,Q3,H2,2009,7,July,18,8.03,99591.1,14938.7,UK,Warrington,Y,IT
392678,Mr.,Marcelino,Y,Kinney,M,marcelino.kinney@gmail.com,21.52,2/28/2017,Q1,H1,2017,2,February,28,0.41,99305.6,14895.8,UK,Warrington,Y,IT
338556,Mr.,Domingo,S,Gibbs,M,domingo.gibbs@hotmail.com,28.74,10/27/2013,Q4,H2,2013,10,October,27,3.75,99183.3,14877.5,UK,Liverpool,N,IT
596917,Mr.,Ahmad,B,Poole,M,ahmad.poole@gmail.com,44.17,06/01/2016,Q2,H1,2016,6,June,1,1.16,99080.6,14862.1,UK,Liverpool,Y,IT
437970,Hon.,Reggie,R,Nolan,M,reggie.nolan@gmail.com,27.88,08/05/2013,Q3,H2,2013,8,August,5,3.98,98941.1,14841.2,UK,Liverpool,N,IT
212917,Prof.,Raymundo,W,Kramer,M,raymundo.kramer@aol.com,42.28,07/01/2002,Q3,H2,2002,7,July,1,15.08,98929.4,14839.4,UK,Warrington,Y,IT
363951,Drs.,Frances,D,Stafford,F,frances.stafford@ntlworld.com,51.92,7/25/1987,Q3,H2,1987,7,July,25,30.03,98511.1,14776.7,UK,Liverpool,Y,IT
925484,Mr.,Elton,L,Ferguson,M,elton.ferguson@ibm.com,34.68,05/09/2006,Q2,H1,2006,5,May,9,11.23,98194.4,14729.2,UK,Warrington,Y,IT
362287,Mr.,Cornelius,V,Townsend,M,cornelius.townsend@charter.net,47.19,4/26/2009,Q2,H1,2009,4,April,26,8.26,97869.4,14680.4,UK,Warrington,Y,IT
929791,Ms.,Esperanza,E,Paul,F,esperanza.paul@aol.com,56.67,3/14/1990,Q1,H1,1990,3,March,14,27.39,97830.6,14674.6,UK,Warrington,Y,IT
262843,Mr.,Tyrone,N,Soto,M,tyrone.soto@yahoo.com,44.34,10/26/2002,Q4,H2,2002,10,October,26,14.76,97775,14666.3,UK,Warrington,Y,IT
122005,Hon.,Candy,K,Singleton,F,candy.singleton@hotmail.com,36.1,04/11/2017,Q2,H1,2017,4,April,11,0.3,97650.6,14647.6,UK,Warrington,Y,IT
947334,Mr.,Frankie,Y,Clark,M,frankie.clark@apple.com,56.73,11/20/2010,Q4,H2,2010,11,November,20,6.69,97457.8,14618.7,UK,Liverpool,N,IT
282678,Hon.,Marci,O,Alvarado,F,marci.alvarado@gmail.com,51.19,09/02/2007,Q3,H2,2007,9,September,2,9.91,97040.6,14556.1,UK,Liverpool,N,IT
463579,Mr.,Bernardo,W,Langley,M,bernardo.langley@hotmail.com,44.8,8/30/2007,Q3,H2,2007,8,August,30,9.92,96681.7,14502.3,UK,Liverpool,N,IT
901185,Mr.,Jonathon,M,Pearson,M,jonathon.pearson@yahoo.com,49.86,8/17/2015,Q3,H2,2015,8,August,17,1.95,96317.8,14447.7,UK,Warrington,Y,IT
177821,Mr.,Derick,N,Ferrell,M,derick.ferrell@yahoo.co.in,42.5,04/05/2008,Q2,H1,2008,4,April,5,9.32,96317.8,14447.7,UK,Liverpool,N,IT
520092,Mr.,Lamont,L,Woods,M,lamont.woods@hotmail.com,25.81,11/27/2014,Q4,H2,2014,11,November,27,2.67,96126.1,14418.9,UK,Warrington,Y,IT
166615,Mrs.,Jayne,O,Coleman,F,jayne.coleman@yahoo.ca,36.97,11/27/2010,Q4,H2,2010,11,November,27,6.67,95367.8,14305.2,UK,Warrington,Y,IT
339483,Mr.,Scott,Q,Carrillo,M,scott.carrillo@sbcglobal.net,47.56,08/06/1991,Q3,H2,1991,8,August,6,25.99,95168.9,14275.3,UK,Liverpool,N,IT
690117,Mr.,Sylvester,Q,Salas,M,sylvester.salas@outlook.com,29.86,2/18/2016,Q1,H1,2016,2,February,18,1.44,94761.1,14214.2,UK,Liverpool,N,IT
403674,Dr.,Billy,R,Mcdowell,M,billy.mcdowell@gmail.com,33.83,04/06/2014,Q2,H1,2014,4,April,6,3.31,94727.8,14209.2,UK,Liverpool,Y,IT
901775,Ms.,Opal,X,Hansen,F,opal.hansen@hotmail.com,39.76,05/04/2017,Q2,H1,2017,5,May,4,0.23,94239.4,14135.9,UK,Liverpool,N,IT
297059,Mr.,Rufus,S,Guerra,M,rufus.guerra@rediffmail.com,49.62,05/01/2004,Q2,H1,2004,5,May,1,13.25,94233.3,14135,UK,Warrington,Y,IT
149844,Mrs.,Berta,P,Irwin,F,berta.irwin@gmail.com,34.56,06/02/2012,Q2,H1,2012,6,June,2,5.16,93986.7,14098,UK,Liverpool,N,IT
684446,Mr.,Bryon,J,Gardner,M,bryon.gardner@aol.com,32.45,03/04/2008,Q1,H1,2008,3,March,4,9.41,93906.7,14086,UK,Liverpool,N,IT
144715,Mr.,Earnest,X,Kirk,M,earnest.kirk@gmail.com,52.44,9/21/2005,Q3,H2,2005,9,September,21,11.86,93736.7,14060.5,UK,Warrington,Y,IT
583282,Mrs.,Carolina,Y,Coleman,F,carolina.coleman@aol.com,22.76,07/01/2016,Q3,H2,2016,7,July,1,1.07,92682.2,13902.3,UK,Warrington,Y,IT
245059,Mr.,Abdul,K,Barnett,M,abdul.barnett@hotmail.com,32.36,9/26/2011,Q3,H2,2011,9,September,26,5.84,92098.3,13814.8,UK,Liverpool,N,IT
125823,Mr.,Chadwick,G,Walton,M,chadwick.walton@earthlink.net,51.48,9/14/2008,Q3,H2,2008,9,September,14,8.87,91934.4,13790.2,UK,Liverpool,N,IT
737292,Mr.,Luciano,H,Ray,M,luciano.ray@btinternet.com,25.79,2/22/2014,Q1,H1,2014,2,February,22,3.43,91386.7,13708,UK,Liverpool,Y,IT
886315,Dr.,Valentin,S,Montoya,M,valentin.montoya@aol.com,51.76,01/05/1997,Q1,H1,1997,1,January,5,20.57,91339.4,13700.9,UK,Liverpool,Y,IT
192175,Dr.,Bret,J,Blevins,M,bret.blevins@gmail.com,37.85,07/11/2015,Q3,H2,2015,7,July,11,2.05,90925,13638.8,UK,Warrington,Y,IT
385932,Ms.,Noreen,M,Vincent,F,noreen.vincent@yahoo.com,22.88,8/20/2016,Q3,H2,2016,8,August,20,0.94,90680,13602,UK,Liverpool,N,IT
993675,Hon.,Damien,Z,Rose,M,damien.rose@gmail.com,52.07,12/17/2005,Q4,H2,2005,12,December,17,11.62,89928.3,13489.3,UK,Warrington,Y,IT
171553,Mr.,Tanner,I,Matthews,M,tanner.matthews@rediffmail.com,40.87,12/07/2008,Q4,H2,2008,12,December,7,8.64,89503.3,13425.5,UK,Warrington,Y,IT
412317,Drs.,Elisabeth,W,Foster,F,elisabeth.foster@gmail.com,22.68,3/27/2017,Q1,H1,2017,3,March,27,0.34,89469.4,13420.4,UK,Warrington,Y,IT
635915,Ms.,Herminia,I,Morin,F,herminia.morin@yahoo.com,56.46,6/25/1989,Q2,H1,1989,6,June,25,28.11,89316.7,13397.5,UK,Liverpool,N,IT
410300,Mrs.,Dena,Q,Blake,F,dena.blake@hotmail.com,42.2,2/24/2011,Q1,H1,2011,2,February,24,6.43,89286.7,13393,UK,Liverpool,Y,IT
141326,Hon.,Patricia,C,Briggs,F,patricia.briggs@yahoo.com,41.73,05/05/2000,Q2,H1,2000,5,May,5,17.24,89163.3,13374.5,UK,Warrington,Y,IT
676618,Drs.,Tabatha,C,Gonzales,F,tabatha.gonzales@sbcglobal.net,51.17,08/07/2009,Q3,H2,2009,8,August,7,7.98,89122.8,13368.4,UK,Warrington,Y,IT
476635,Ms.,Victoria,H,Howe,F,victoria.howe@gmail.com,49.5,09/01/1995,Q3,H2,1995,9,September,1,21.92,89048.9,13357.3,UK,Liverpool,N,Sales
970502,Drs.,Nora,I,Hansen,F,nora.hansen@yahoo.co.uk,34.73,06/01/2004,Q2,H1,2004,6,June,1,13.16,88457.2,13268.6,UK,Warrington,Y,Sales
206783,Hon.,Brock,X,Roberts,M,brock.roberts@yahoo.co.in,49.45,01/08/1991,Q1,H1,1991,1,January,8,26.57,87823.3,13173.5,UK,Liverpool,Y,Sales
297502,Ms.,Angelina,D,Lynn,F,angelina.lynn@rediffmail.com,42.4,03/08/2007,Q1,H1,2007,3,March,8,10.4,87669.4,13150.4,UK,Liverpool,Y,Sales
651120,Mr.,Damon,G,Solomon,M,damon.solomon@aol.com,53.03,05/10/2008,Q2,H1,2008,5,May,10,9.22,87307.8,13096.2,UK,Warrington,Y,Sales
162573,Hon.,Ola,T,Thompson,F,ola.thompson@yahoo.com,46.95,8/19/2003,Q3,H2,2003,8,August,19,13.95,86779.4,13016.9,UK,Liverpool,Y,Sales
559421,Ms.,Reba,O,Potts,F,reba.potts@microsoft.com,31.34,07/07/2011,Q3,H2,2011,7,July,7,6.06,86306.1,12945.9,UK,Liverpool,N,Sales
842752,Mrs.,Tommie,B,Sanchez,F,tommie.sanchez@gmail.com,43.17,9/25/1997,Q3,H2,1997,9,September,25,19.85,86272.8,12940.9,UK,Liverpool,Y,Sales
946630,Mr.,Duncan,L,Chen,M,duncan.chen@yahoo.co.uk,53.48,11/02/2000,Q4,H2,2000,11,November,2,16.75,86023.9,12903.6,UK,Warrington,Y,Sales
612850,Ms.,Bethany,Z,Cline,F,bethany.cline@yahoo.ca,30.84,4/19/2008,Q2,H1,2008,4,April,19,9.28,86020,12903,UK,Warrington,Y,Sales
175035,Ms.,Ava,L,Romero,F,ava.romero@aol.com,45.21,9/14/2004,Q3,H2,2004,9,September,14,12.88,85907.2,12886.1,UK,Liverpool,Y,Sales
330816,Ms.,Jasmine,J,Freeman,F,jasmine.freeman@gmail.com,55.95,02/01/1983,Q1,H1,1983,2,February,1,34.51,85675.6,12851.3,UK,Warrington,Y,Sales
915507,Mr.,Kory,X,Roth,M,kory.roth@bp.com,43.55,11/24/2010,Q4,H2,2010,11,November,24,6.68,85353.3,12803,UK,Liverpool,N,Sales
924281,Mr.,Reynaldo,P,Sosa,M,reynaldo.sosa@gmail.com,51.82,05/03/1989,Q2,H1,1989,5,May,3,28.25,85351.7,12802.8,UK,Warrington,Y,Sales
360498,Ms.,Jeannine,E,Vaughn,F,jeannine.vaughn@aol.com,39.33,4/29/2014,Q2,H1,2014,4,April,29,3.25,85226.1,12783.9,UK,Liverpool,N,Sales
185077,Ms.,Nichole,S,Oneil,F,nichole.oneil@shaw.ca,59.7,3/24/2008,Q1,H1,2008,3,March,24,9.35,85191.7,12778.8,UK,Warrington,Y,Sales
288820,Mr.,Eric,N,Mccullough,M,eric.mccullough@gmail.com,51.81,3/20/1997,Q1,H1,1997,3,March,20,20.37,84183.3,12627.5,UK,Liverpool,N,Sales
749765,Mr.,Brian,S,Fitzpatrick,M,brian.fitzpatrick@gmail.com,38.68,11/09/2007,Q4,H2,2007,11,November,9,9.72,84137.8,12620.7,UK,Warrington,Y,Sales
204626,Prof.,Sterling,X,Patel,M,sterling.patel@aol.com,51.48,11/11/2001,Q4,H2,2001,11,November,11,15.72,83893.9,12584.1,UK,Liverpool,N,Sales
306185,Mr.,Percy,N,Hunt,M,percy.hunt@btinternet.com,46.65,11/07/2004,Q4,H2,2004,11,November,7,12.73,83855.6,12578.3,UK,Liverpool,Y,Sales
926224,Ms.,Kathleen,T,Middleton,F,kathleen.middleton@yahoo.com,38.42,5/20/2009,Q2,H1,2009,5,May,20,8.19,83383.9,12507.6,UK,Liverpool,N,Sales
369712,Mrs.,Yesenia,B,Guerrero,F,yesenia.guerrero@btinternet.com,49.36,03/03/1994,Q1,H1,1994,3,March,3,23.42,83342.2,12501.3,UK,Warrington,Y,Sales
253588,Ms.,Keri,J,Slater,F,keri.slater@apple.com,57.02,08/09/1994,Q3,H2,1994,8,August,9,22.98,83245.6,12486.8,UK,Warrington,Y,Sales
871610,Mr.,Kenton,I,Moreno,M,kenton.moreno@shell.com,24.54,01/08/2016,Q1,H1,2016,1,January,8,1.55,82591.1,12388.7,UK,Liverpool,Y,Sales
168829,Ms.,Antonia,H,Kinney,F,antonia.kinney@gmail.com,32.48,5/26/2006,Q2,H1,2006,5,May,26,11.18,82568.3,12385.3,UK,Liverpool,Y,Sales
836259,Dr.,Vance,A,Osborne,M,vance.osborne@shaw.ca,44.75,6/30/2001,Q2,H1,2001,6,June,30,16.09,82370.6,12355.6,UK,Liverpool,N,Sales
586207,Dr.,Michel,T,Finch,M,michel.finch@gmail.com,31.11,3/20/2012,Q1,H1,2012,3,March,20,5.36,81953.3,12293,UK,Liverpool,Y,Sales
501422,Mr.,Micah,Y,Merritt,M,micah.merritt@rediffmail.com,33.78,11/27/2006,Q4,H2,2006,11,November,27,10.67,81308.9,12196.3,UK,Liverpool,N,Sales
888277,Prof.,Wm,C,Carroll,M,wm.carroll@gmail.com,30.22,1/17/2017,Q1,H1,2017,1,January,17,0.53,81301.1,12195.2,UK,Liverpool,N,Sales
809491,Mr.,Terence,U,Giles,M,terence.giles@yahoo.com,40.89,06/12/2010,Q2,H1,2010,6,June,12,7.13,81085.6,12162.8,UK,Liverpool,Y,Sales
793523,Prof.,Donovan,O,Bowman,M,donovan.bowman@hotmail.com,30.42,9/16/2011,Q3,H2,2011,9,September,16,5.87,80905,12135.8,UK,Warrington,N,Sales
909337,Mr.,Rich,M,Bates,M,rich.bates@apple.com,28.43,1/22/2011,Q1,H1,2011,1,January,22,6.52,80656.1,12098.4,UK,Warrington,Y,Sales
811092,Ms.,Tracie,B,Delaney,F,tracie.delaney@hotmail.com,44.19,5/19/2011,Q2,H1,2011,5,May,19,6.2,80499.4,12074.9,UK,Liverpool,N,Sales
745672,Dr.,Emile,A,Love,M,emile.love@gmail.com,36.8,1/23/2011,Q1,H1,2011,1,January,23,6.52,80481.7,12072.3,UK,Warrington,Y,Sales
318571,Prof.,Emory,N,Spence,M,emory.spence@yahoo.com,50.27,10/18/2004,Q4,H2,2004,10,October,18,12.78,80463.3,12069.5,UK,Liverpool,Y,Sales
234429,Ms.,Chrystal,D,Swanson,F,chrystal.swanson@aol.com,33.44,4/27/2007,Q2,H1,2007,4,April,27,10.26,80293.3,12044,UK,Liverpool,N,Sales
269523,Hon.,Kendra,X,Villarreal,F,kendra.villarreal@gmail.com,53.8,3/30/2007,Q1,H1,2007,3,March,30,10.34,80287.2,12043.1,UK,Warrington,Y,Sales
236366,Mr.,Lewis,Q,Ayala,M,lewis.ayala@gmail.com,24.68,6/15/2016,Q2,H1,2016,6,June,15,1.12,80205,12030.8,UK,Liverpool,N,Sales
149904,Ms.,Leanne,R,Mcmahon,F,leanne.mcmahon@shaw.ca,53.58,05/08/1985,Q2,H1,1985,5,May,8,32.24,80060,12009,UK,Liverpool,Y,Sales
928739,Hon.,Micheal,A,Shannon,M,micheal.shannon@earthlink.net,30.66,2/27/2015,Q1,H1,2015,2,February,27,2.42,79924.4,11988.7,UK,Warrington,Y,Sales
555551,Ms.,Nona,W,Buck,F,nona.buck@outlook.com,29.15,11/08/2010,Q4,H2,2010,11,November,8,6.72,79552.2,11932.8,UK,Liverpool,N,Sales
621375,Mrs.,Briana,C,Lancaster,F,briana.lancaster@yahoo.com,41.7,2/25/2003,Q1,H1,2003,2,February,25,14.43,79231.1,11884.7,UK,Warrington,Y,Sales
158689,Ms.,Lucile,L,Fleming,F,lucile.fleming@hotmail.co.uk,50.66,12/09/2006,Q4,H2,2006,12,December,9,10.64,78733.3,11810,UK,Liverpool,Y,Sales
249180,Dr.,Scot,M,Beach,M,scot.beach@sbcglobal.net,37.02,6/29/2010,Q2,H1,2010,6,June,29,7.08,78689.4,11803.4,UK,Liverpool,Y,Sales
552582,Hon.,Jana,L,Weiss,F,jana.weiss@gmail.com,49.6,06/03/2000,Q2,H1,2000,6,June,3,17.16,78550,11782.5,UK,Liverpool,Y,Sales
865905,Mr.,Nelson,O,Wilkins,M,nelson.wilkins@earthlink.net,55.66,2/23/2017,Q1,H1,2017,2,February,23,0.42,78412.8,11761.9,UK,Liverpool,N,Sales
862150,Hon.,Mathew,S,Duran,M,mathew.duran@aol.com,23.91,9/27/2015,Q3,H2,2015,9,September,27,1.84,77871.7,11680.8,UK,Liverpool,N,Sales
547420,Mr.,Doug,V,Small,M,doug.small@hotmail.com,25.65,11/19/2014,Q4,H2,2014,11,November,19,2.69,77594.4,11639.2,UK,Liverpool,Y,Sales
479832,Dr.,Nelson,H,Mcintosh,M,nelson.mcintosh@bp.com,41.98,7/15/2005,Q3,H2,2005,7,July,15,12.04,77590,11638.5,UK,Warrington,Y,Sales
487100,Mr.,Augustus,E,Maldonado,M,augustus.maldonado@yahoo.com,25.19,08/01/2016,Q3,H2,2016,8,August,1,0.99,77489.4,11623.4,UK,Liverpool,Y,Sales
825343,Mrs.,Eileen,A,Hobbs,F,eileen.hobbs@gmail.com,53.25,08/01/1994,Q3,H2,1994,8,August,1,23.01,77486.7,11623,UK,Warrington,Y,Sales
893976,Ms.,Beverly,I,Rosales,F,beverly.rosales@yahoo.com,42.43,4/24/2005,Q2,H1,2005,4,April,24,12.27,77441.1,11616.2,UK,Warrington,Y,Sales
556573,Ms.,Aisha,Z,Gentry,F,aisha.gentry@aol.com,51.78,07/10/1991,Q3,H2,1991,7,July,10,26.07,77286.1,11592.9,UK,Liverpool,N,Sales
229037,Ms.,Gwen,T,Gilliam,F,gwen.gilliam@aol.com,22.55,05/08/2016,Q2,H1,2016,5,May,8,1.22,76830,11524.5,UK,Liverpool,N,Sales
829416,Mr.,Jimmy,C,Molina,M,jimmy.molina@gmail.com,51.26,10/11/2005,Q4,H2,2005,10,October,11,11.8,76678.9,11501.8,UK,Liverpool,Y,Sales
313864,Mrs.,Debbie,S,Velez,F,debbie.velez@aol.com,54.33,9/29/1996,Q3,H2,1996,9,September,29,20.84,76670,11500.5,UK,Liverpool,N,Sales
906797,Mr.,Rico,K,Mayo,M,rico.mayo@gmail.com,26.15,11/17/2016,Q4,H2,2016,11,November,17,0.69,76663.9,11499.6,UK,Liverpool,N,Sales
978745,Mrs.,May,R,Hodge,F,may.hodge@hotmail.com,42.54,1/31/2015,Q1,H1,2015,1,January,31,2.49,76607.8,11491.2,UK,Liverpool,N,Sales
398788,Ms.,Alexandria,Y,Long,F,alexandria.long@hotmail.com,28.47,11/16/2010,Q4,H2,2010,11,November,16,6.7,76009.4,11401.4,UK,Warrington,N,Sales
146825,Hon.,Morton,Q,Franklin,M,morton.franklin@cox.net,56.97,2/14/2008,Q1,H1,2008,2,February,14,9.46,75832.2,11374.8,UK,Liverpool,Y,Sales
399192,Mr.,Nick,C,Wilcox,M,nick.wilcox@bellsouth.net,40.72,09/10/2012,Q3,H2,2012,9,September,10,4.88,75670.6,11350.6,UK,Liverpool,N,Sales
787549,Hon.,Estella,L,Potter,F,estella.potter@gmail.com,22.39,10/11/2016,Q4,H2,2016,10,October,11,0.79,75392.2,11308.8,UK,Warrington,Y,Sales
328562,Mr.,Stacy,V,Jennings,M,stacy.jennings@gmail.com,37.17,6/28/2006,Q2,H1,2006,6,June,28,11.09,74946.7,11242,UK,Warrington,Y,Sales
877422,Hon.,Nicholas,T,Branch,M,nicholas.branch@gmail.com,25.5,6/13/2013,Q2,H1,2013,6,June,13,4.13,74841.7,11226.3,UK,Warrington,Y,Sales
130591,Prof.,Kendrick,V,Miles,M,kendrick.miles@ibm.com,55,1/25/1991,Q1,H1,1991,1,January,25,26.52,74501.7,11175.3,UK,Liverpool,Y,Sales
589440,Prof.,Hilario,B,Vang,M,hilario.vang@gmail.com,39.17,04/12/2011,Q2,H1,2011,4,April,12,6.3,74002.8,11100.4,UK,Liverpool,N,Sales
532002,Ms.,Madge,V,Sargent,F,madge.sargent@aol.com,35.84,4/13/2006,Q2,H1,2006,4,April,13,11.3,73890.6,11083.6,UK,Warrington,Y,Sales
136626,Ms.,Carmela,D,Jefferson,F,carmela.jefferson@walmart.com,42.39,2/27/2003,Q1,H1,2003,2,February,27,14.42,73572.8,11035.9,UK,Warrington,Y,Sales
381338,Ms.,Miriam,A,Barrett,F,miriam.barrett@yahoo.ca,27.11,03/08/2016,Q1,H1,2016,3,March,8,1.39,73079.4,10961.9,UK,Warrington,Y,Sales
155570,Mr.,Colin,G,Wilson,M,colin.wilson@yahoo.com,41.4,4/15/2002,Q2,H1,2002,4,April,15,15.3,73061.1,10959.2,UK,Warrington,Y,Sales
747200,Mrs.,Janelle,Q,Gill,F,janelle.gill@gmail.com,55.21,7/13/1999,Q3,H2,1999,7,July,13,18.05,72878.9,10931.8,UK,Liverpool,Y,Sales
166790,Ms.,Margaret,C,Reilly,F,margaret.reilly@yahoo.com,45.84,01/08/1995,Q1,H1,1995,1,January,8,22.57,72870,10930.5,UK,Warrington,N,Sales
240295,Mr.,Ken,P,Winters,M,ken.winters@rediffmail.com,22.47,3/31/2016,Q1,H1,2016,3,March,31,1.33,72847.8,10927.2,UK,Liverpool,Y,Sales
608832,Mrs.,Sabrina,O,Fowler,F,sabrina.fowler@outlook.com,35.59,7/17/2006,Q3,H2,2006,7,July,17,11.04,72347.8,10852.2,UK,Liverpool,Y,Sales
846100,Mr.,Earl,O,Gilbert,M,earl.gilbert@bp.com,44.56,8/26/2013,Q3,H2,2013,8,August,26,3.92,72183.9,10827.6,UK,Liverpool,Y,Sales
556491,Prof.,Larry,C,Tran,M,larry.tran@gmail.com,47.57,3/15/2007,Q1,H1,2007,3,March,15,10.38,71779.4,10766.9,UK,Warrington,Y,Sales
159472,Hon.,Moses,P,Reid,M,moses.reid@apple.com,52.63,8/14/1999,Q3,H2,1999,8,August,14,17.97,71666.7,10750,UK,Liverpool,Y,Sales
223379,Dr.,Mathew,P,Duke,M,mathew.duke@rediffmail.com,24.54,09/06/2015,Q3,H2,2015,9,September,6,1.89,71666.7,10750,UK,Liverpool,Y,Sales
287114,Ms.,Joanna,A,Perkins,F,joanna.perkins@aol.com,58.01,09/09/1992,Q3,H2,1992,9,September,9,24.9,71666.7,10750,UK,Liverpool,Y,Sales
358935,Ms.,Anastasia,Y,Bowen,F,anastasia.bowen@gmail.com,24.61,04/01/2017,Q2,H1,2017,4,April,1,0.32,71666.7,10750,UK,Liverpool,Y,Sales
935745,Mr.,Kyle,N,Farmer,M,kyle.farmer@gmail.com,42.72,8/30/2015,Q3,H2,2015,8,August,30,1.91,71666.7,10750,UK,Liverpool,Y,Sales
798859,Drs.,Deirdre,N,Travis,F,deirdre.travis@hotmail.com,46.33,7/15/1998,Q3,H2,1998,7,July,15,19.05,71528.9,10729.3,UK,Liverpool,Y,Sales
280781,Mrs.,Ollie,G,William,F,ollie.william@verizon.net,37.8,9/14/2007,Q3,H2,2007,9,September,14,9.88,71438.3,10715.8,UK,Liverpool,Y,Sales
953967,Mr.,Cornell,G,Daniel,M,cornell.daniel@yahoo.com,57.21,10/31/2004,Q4,H2,2004,10,October,31,12.75,71388.9,10708.3,UK,Warrington,Y,Sales
946835,Hon.,Marjorie,J,Wells,F,marjorie.wells@bp.com,55.91,12/02/2005,Q4,H2,2005,12,December,2,11.66,71347.2,10702.1,UK,Warrington,Y,Sales
257927,Ms.,Agnes,J,Herman,F,agnes.herman@gmail.com,41.65,01/04/1998,Q1,H1,1998,1,January,4,19.58,71236.1,10685.4,UK,Warrington,Y,Sales
415161,Dr.,Lemuel,V,Guerrero,M,lemuel.guerrero@aol.com,32.16,10/15/2011,Q4,H2,2011,10,October,15,5.79,70984.4,10647.7,UK,Warrington,Y,Sales
928723,Mrs.,Angela,M,Compton,F,angela.compton@gmail.com,50.55,12/01/2008,Q4,H2,2008,12,December,1,8.66,70962.8,10644.4,UK,Liverpool,Y,Sales
520719,Prof.,Edmund,E,Salas,M,edmund.salas@aol.com,58.1,8/16/1989,Q3,H2,1989,8,August,16,27.97,70421.1,10563.2,UK,Liverpool,Y,Sales
791119,Mr.,Damon,T,Hunt,M,damon.hunt@gmail.com,38.69,11/05/2010,Q4,H2,2010,11,November,5,6.73,70372.2,10555.8,UK,Liverpool,Y,Sales
305556,Mr.,Federico,J,Wilson,M,federico.wilson@yahoo.com,42.73,4/13/2000,Q2,H1,2000,4,April,13,17.3,69890,10483.5,UK,Liverpool,Y,Sales
602683,Ms.,Alberta,A,Chapman,F,alberta.chapman@comcast.net,45.18,6/29/1999,Q2,H1,1999,6,June,29,18.09,69682.2,10452.3,UK,Warrington,Y,Sales
874971,Mr.,Roman,R,Clark,M,roman.clark@aol.com,54.63,01/08/1985,Q1,H1,1985,1,January,8,32.57,69610.6,10441.6,UK,Warrington,Y,Sales
913253,Mr.,Carey,B,Ferrell,M,carey.ferrell@yahoo.com,45.21,10/30/2004,Q4,H2,2004,10,October,30,12.75,69573.3,10436,UK,Warrington,Y,Sales
581563,Prof.,Jerome,E,Foreman,M,jerome.foreman@verizon.net,28.65,8/28/2015,Q3,H2,2015,8,August,28,1.92,69468.9,10420.3,UK,Warrington,Y,Sales
483751,Prof.,Reid,F,Randolph,M,reid.randolph@gmail.com,28.54,04/08/2017,Q2,H1,2017,4,April,8,0.3,69309.4,10396.4,UK,Warrington,Y,Sales
143898,Mr.,Ricky,C,Bowers,M,ricky.bowers@hotmail.com,40.75,12/28/2008,Q4,H2,2008,12,December,28,8.59,68975,10346.3,UK,Warrington,Y,Sales
966525,Mr.,Dion,U,Duffy,M,dion.duffy@aol.com,22.33,1/16/2017,Q1,H1,2017,1,January,16,0.53,68930,10339.5,UK,Warrington,Y,Sales
780963,Mrs.,Jami,P,Cantrell,F,jami.cantrell@hotmail.com,31.35,4/20/2007,Q2,H1,2007,4,April,20,10.28,68850,10327.5,UK,Liverpool,Y,Sales
856369,Mr.,Dominick,M,Robbins,M,dominick.robbins@hotmail.com,37.97,10/21/2001,Q4,H2,2001,10,October,21,15.78,68740.6,10311.1,UK,Liverpool,Y,Sales
316995,Mrs.,Pauline,J,Gilbert,F,pauline.gilbert@yahoo.com,21.08,7/22/2017,Q3,H2,2017,7,July,22,0.02,68666.1,10299.9,UK,Liverpool,Y,Sales
625981,Mr.,Jay,R,Sanders,M,jay.sanders@gmail.com,53.6,12/29/1987,Q4,H2,1987,12,December,29,29.6,68371.7,10255.8,UK,Liverpool,Y,Sales
702034,Mrs.,Mitzi,Y,Lynch,F,mitzi.lynch@aol.com,56.95,3/17/2005,Q1,H1,2005,3,March,17,12.37,68213.3,10232,UK,Liverpool,Y,Sales
432168,Hon.,Jermaine,S,Sykes,M,jermaine.sykes@apple.com,27.54,5/24/2016,Q2,H1,2016,5,May,24,1.18,68128.3,10219.3,UK,Warrington,Y,Sales
863522,Mr.,Dudley,W,Preston,M,dudley.preston@gmail.com,39.72,3/24/2014,Q1,H1,2014,3,March,24,3.35,67478.3,10121.8,UK,Liverpool,Y,Sales
807182,Mrs.,Adeline,R,Evans,F,adeline.evans@cox.net,28.98,04/07/2016,Q2,H1,2016,4,April,7,1.31,67435,10115.3,UK,Liverpool,Y,Sales
768457,Mr.,Robby,U,Jordan,M,robby.jordan@comcast.net,43.39,03/12/2007,Q1,H1,2007,3,March,12,10.39,66551.7,9982.8,UK,Warrington,Y,Sales
941759,Prof.,Shaun,J,Evans,M,shaun.evans@gmail.com,48.35,6/13/1990,Q2,H1,1990,6,June,13,27.14,66350,9952.5,UK,Liverpool,Y,Sales
850297,Ms.,Shawna,W,Buck,F,shawna.buck@gmail.com,45.66,12/18/2010,Q4,H2,2010,12,December,18,6.61,66161.1,9924.2,UK,Warrington,Y,Sales
707520,Mr.,Bernardo,L,Austin,M,bernardo.austin@hotmail.com,42.51,1/26/2005,Q1,H1,2005,1,January,26,12.51,65940.6,9891.1,UK,Warrington,Y,Sales
959506,Mr.,Arthur,Q,Holloway,M,arthur.holloway@aol.com,46.88,1/27/2004,Q1,H1,2004,1,January,27,13.51,65900.6,9885.1,UK,Warrington,Y,Sales
141086,Dr.,Bernardo,Q,Mcdowell,M,bernardo.mcdowell@gmail.com,54.21,4/24/2003,Q2,H1,2003,4,April,24,14.27,65897.2,9884.6,UK,Warrington,Y,Sales
186102,Drs.,Marcia,N,Casey,F,marcia.casey@gmail.com,51.05,11/08/2013,Q4,H2,2013,11,November,8,3.72,65892.8,9883.9,UK,Warrington,Y,Sales
865495,Mr.,Thurman,J,Good,M,thurman.good@yahoo.com,21.52,02/06/2017,Q1,H1,2017,2,February,6,0.47,65847.2,9877.1,UK,Warrington,Y,Finance
884877,Mr.,Wilbur,P,Bates,M,wilbur.bates@verizon.net,28.02,04/12/2012,Q2,H1,2012,4,April,12,5.3,65702.2,9855.3,UK,Liverpool,Y,Finance
304721,Mr.,Nathaniel,Z,Burke,M,nathaniel.burke@walmart.com,23.76,4/25/2017,Q2,H1,2017,4,April,25,0.26,65550.6,9832.6,UK,Warrington,Y,Finance
275491,Dr.,Julian,Y,Russo,M,julian.russo@gmail.com,59.33,1/27/1988,Q1,H1,1988,1,January,27,29.52,65410.6,9811.6,UK,Warrington,Y,Finance
410027,Mr.,Sean,F,Noble,M,sean.noble@cox.net,54.98,3/25/2011,Q1,H1,2011,3,March,25,6.35,65314.4,9797.2,UK,Liverpool,Y,Finance
488068,Mrs.,Margo,K,Hoffman,F,margo.hoffman@gmail.com,32.23,12/21/2009,Q4,H2,2009,12,December,21,7.61,65002.2,9750.3,UK,Liverpool,Y,Finance
924427,Mr.,Dario,O,Townsend,M,dario.townsend@yahoo.com,55.25,1/27/1994,Q1,H1,1994,1,January,27,23.52,64950.6,9742.6,UK,Liverpool,Y,Finance
599012,Mrs.,Amber,Z,Warner,F,amber.warner@hotmail.com,59.73,08/06/2016,Q3,H2,2016,8,August,6,0.98,64915,9737.3,UK,Liverpool,Y,Finance
168824,Mr.,Tanner,T,Caldwell,M,tanner.caldwell@aol.com,49.34,06/06/1999,Q2,H1,1999,6,June,6,18.16,64797.2,9719.6,UK,Warrington,Y,Finance
870351,Mr.,Ronny,C,Long,M,ronny.long@microsoft.com,34.65,11/25/2009,Q4,H2,2009,11,November,25,7.68,64393.3,9659,UK,Liverpool,Y,Finance
721098,Ms.,Isabel,Q,Espinoza,F,isabel.espinoza@gmail.com,45.67,10/14/1993,Q4,H2,1993,10,October,14,23.8,64365.6,9654.8,UK,Warrington,Y,Finance
880704,Dr.,Benjamin,X,Jennings,M,benjamin.jennings@gmail.com,40.21,06/10/2001,Q2,H1,2001,6,June,10,16.14,64207.8,9631.2,UK,Warrington,Y,Finance
307715,Dr.,Fred,I,Woodward,M,fred.woodward@hotmail.com,46.63,04/04/2003,Q2,H1,2003,4,April,4,14.33,64086.7,9613,UK,Liverpool,Y,Finance
593953,Drs.,Tara,A,Gutierrez,F,tara.gutierrez@aol.com,46.53,8/17/1995,Q3,H2,1995,8,August,17,21.96,64012.8,9601.9,UK,Warrington,Y,Finance
540696,Dr.,Luke,Y,Craft,M,luke.craft@apple.com,32.95,7/26/2013,Q3,H2,2013,7,July,26,4.01,63700.6,9555.1,UK,Liverpool,Y,Finance
725857,Ms.,Shannon,D,Snow,F,shannon.snow@yahoo.com,55.77,7/30/2014,Q3,H2,2014,7,July,30,3,63412.2,9511.8,UK,Liverpool,Y,Finance
908007,Mrs.,Debra,S,Pena,F,debra.pena@ibm.com,26.69,9/17/2015,Q3,H2,2015,9,September,17,1.86,62926.1,9438.9,UK,Liverpool,Y,Finance
232794,Dr.,Forrest,B,Noel,M,forrest.noel@hotmail.com,39.37,04/05/1999,Q2,H1,1999,4,April,5,18.33,62771.1,9415.7,UK,Warrington,Y,Finance
825853,Hon.,Dominic,H,Mosley,M,dominic.mosley@gmail.com,21.04,7/27/2017,Q3,H2,2017,7,July,27,0,62601.7,9390.3,UK,Warrington,Y,Finance
232661,Ms.,Luz,G,Brown,F,luz.brown@msn.com,56.1,5/18/1987,Q2,H1,1987,5,May,18,30.22,62196.1,9329.4,UK,Liverpool,Y,Finance
664249,Mr.,Floyd,B,Mills,M,floyd.mills@gmail.com,33.94,02/02/2006,Q1,H1,2006,2,February,2,11.49,61990.6,9298.6,UK,Liverpool,Y,Finance
182719,Ms.,Tammy,D,Vincent,F,tammy.vincent@aol.com,57.08,11/19/2007,Q4,H2,2007,11,November,19,9.7,61873.3,9281,UK,Liverpool,Y,Finance
396135,Prof.,German,I,Sheppard,M,german.sheppard@gmail.com,26.02,10/24/2014,Q4,H2,2014,10,October,24,2.76,61122.8,9168.4,UK,Warrington,Y,Finance
811884,Mr.,Edwin,A,Perez,M,edwin.perez@gmail.com,25.43,06/11/2014,Q2,H1,2014,6,June,11,3.13,60941.7,9141.3,UK,Liverpool,Y,Finance
491595,Prof.,Ian,O,Alvarado,M,ian.alvarado@aol.com,51.87,12/27/1998,Q4,H2,1998,12,December,27,18.6,60786.7,9118,UK,Liverpool,Y,Finance
915993,Prof.,William,K,Morrison,M,william.morrison@gmail.com,50.36,10/02/2001,Q4,H2,2001,10,October,2,15.83,60767.8,9115.2,UK,Liverpool,Y,Finance
616665,Mr.,Clarence,I,Powers,M,clarence.powers@gmail.com,35.09,04/11/2005,Q2,H1,2005,4,April,11,12.3,60283.9,9042.6,UK,Warrington,Y,Finance
562109,Mr.,Stacy,O,Dixon,M,stacy.dixon@aol.com,54.21,11/30/1995,Q4,H2,1995,11,November,30,21.67,60163.9,9024.6,UK,Liverpool,Y,Finance
219020,Drs.,Lana,G,Spence,F,lana.spence@aol.com,50.07,6/21/2009,Q2,H1,2009,6,June,21,8.11,60110.6,9016.6,UK,Liverpool,Y,Finance
141178,Mr.,Adam,X,Kirby,M,adam.kirby@yahoo.ca,54,08/03/2015,Q3,H2,2015,8,August,3,1.99,59976.1,8996.4,UK,Warrington,Y,Finance
248449,Ms.,Carlene,E,Cain,F,carlene.cain@rediffmail.com,31.69,6/25/2007,Q2,H1,2007,6,June,25,10.1,59803.9,8970.6,UK,Warrington,Y,Finance
885774,Dr.,Miles,Q,Giles,M,miles.giles@yahoo.com,41.01,02/12/2007,Q1,H1,2007,2,February,12,10.46,58733.3,8810,UK,Liverpool,Y,Finance
805103,Mr.,Ron,C,Glenn,M,ron.glenn@gmail.com,24.08,9/14/2014,Q3,H2,2014,9,September,14,2.87,58725.6,8808.8,UK,Liverpool,Y,Finance
817037,Mr.,Martin,W,Buchanan,M,martin.buchanan@charter.net,42.9,7/14/2001,Q3,H2,2001,7,July,14,16.05,58541.1,8781.2,UK,Warrington,Y,Finance
583924,Mrs.,Adrienne,H,Puckett,F,adrienne.puckett@verizon.net,42.21,2/22/1997,Q1,H1,1997,2,February,22,20.44,58536.7,8780.5,UK,Warrington,Y,Finance
332802,Mr.,Lowell,M,Erickson,M,lowell.erickson@gmail.com,34.93,10/23/2013,Q4,H2,2013,10,October,23,3.76,58202.2,8730.3,UK,Warrington,Y,Finance
596366,Mrs.,Maura,W,Cherry,F,maura.cherry@earthlink.net,47.27,04/05/1996,Q2,H1,1996,4,April,5,21.33,58066.7,8710,UK,Liverpool,Y,Finance
430202,Ms.,Minnie,B,Mckee,F,minnie.mckee@gmail.com,21.94,9/23/2016,Q3,H2,2016,9,September,23,0.84,57962.2,8694.3,UK,Liverpool,Y,Finance
940754,Ms.,Nadine,X,Blanchard,F,nadine.blanchard@exxonmobil.com,39.4,10/29/2001,Q4,H2,2001,10,October,29,15.76,57927.2,8689.1,UK,Liverpool,Y,Finance
238992,Dr.,Carlo,X,Albert,M,carlo.albert@gmail.com,55.68,12/26/1996,Q4,H2,1996,12,December,26,20.6,57887.2,8683.1,UK,Warrington,Y,Finance
395792,Hon.,Miguel,W,Finley,M,miguel.finley@gmail.com,37.08,07/12/2004,Q3,H2,2004,7,July,12,13.05,57638.3,8645.8,UK,Warrington,Y,Finance
700418,Drs.,Lesley,K,Rollins,F,lesley.rollins@aol.com,22.42,02/11/2017,Q1,H1,2017,2,February,11,0.46,57403.9,8610.6,UK,Liverpool,Y,Finance
976096,Mr.,Carroll,E,Sweeney,M,carroll.sweeney@walmart.com,28.14,6/22/2016,Q2,H1,2016,6,June,22,1.1,57223.9,8583.6,UK,Warrington,Y,Finance
513773,Prof.,Jessie,N,Cortez,M,jessie.cortez@exxonmobil.com,35.88,4/16/2016,Q2,H1,2016,4,April,16,1.28,57191.1,8578.7,UK,Liverpool,Y,Finance
144235,Mr.,Kris,U,Conner,M,kris.conner@gmail.com,55.22,9/20/1998,Q3,H2,1998,9,September,20,18.87,57121.7,8568.3,UK,Liverpool,Y,Finance
265124,Ms.,Tonia,J,Burns,F,tonia.burns@gmail.com,32.3,09/12/2014,Q3,H2,2014,9,September,12,2.88,56818.9,8522.8,UK,Warrington,Y,Finance
798553,Prof.,Mauricio,A,Potts,M,mauricio.potts@yahoo.com,30.93,4/15/2015,Q2,H1,2015,4,April,15,2.29,56768.3,8515.3,UK,Liverpool,Y,Finance
350367,Mr.,Rudolph,P,Gordon,M,rudolph.gordon@aol.com,38.28,11/12/2001,Q4,H2,2001,11,November,12,15.72,54994.4,8249.2,UK,Warrington,Y,Finance
433510,Mr.,Dorian,A,Foster,M,dorian.foster@gmail.com,57.05,8/15/2009,Q3,H2,2009,8,August,15,7.96,54780,8217,UK,Warrington,Y,Finance
191240,Mr.,Salvador,Q,Gutierrez,M,salvador.gutierrez@hotmail.com,23.43,1/24/2016,Q1,H1,2016,1,January,24,1.51,54715,8207.3,UK,Warrington,Y,Finance
673049,Dr.,Cole,E,Jensen,M,cole.jensen@aol.com,27.48,5/30/2011,Q2,H1,2011,5,May,30,6.17,54656.1,8198.4,UK,Warrington,Y,Finance
290808,Mr.,Josef,S,Griffin,M,josef.griffin@yahoo.com,40.98,2/25/1998,Q1,H1,1998,2,February,25,19.43,54461.1,8169.2,UK,Warrington,Y,Finance
769123,Mr.,Brenton,N,Matthews,M,brenton.matthews@bellsouth.net,46.76,12/27/1994,Q4,H2,1994,12,December,27,22.6,54457.2,8168.6,UK,Warrington,Y,Finance
308125,Mrs.,Flossie,C,Mcpherson,F,flossie.mcpherson@gmail.com,47.72,3/18/1996,Q1,H1,1996,3,March,18,21.38,54383.3,8157.5,UK,Liverpool,Y,Finance
160503,Mr.,Nickolas,Z,Williams,M,nickolas.williams@gmail.com,32.12,6/15/2009,Q2,H1,2009,6,June,15,8.12,54291.7,8143.8,UK,Warrington,Y,Finance
807964,Mr.,Curt,Y,Bridges,M,curt.bridges@microsoft.com,38.79,9/17/2011,Q3,H2,2011,9,September,17,5.87,54253.3,8138,UK,Warrington,Y,Finance
722543,Ms.,Lesa,E,Hughes,F,lesa.hughes@bp.com,36.48,01/03/2016,Q1,H1,2016,1,January,3,1.57,53689.4,8053.4,UK,Warrington,Y,Finance
821474,Mr.,Jasper,F,Lucas,M,jasper.lucas@yahoo.co.in,35.88,02/12/2003,Q1,H1,2003,2,February,12,14.47,53515.6,8027.3,UK,Liverpool,Y,Finance
201710,Ms.,Karyn,A,Christian,F,karyn.christian@aol.com,34.21,6/18/2017,Q2,H1,2017,6,June,18,0.11,53442.8,8016.4,UK,Warrington,Y,Finance
836699,Mrs.,Louella,F,Wolfe,F,louella.wolfe@charter.net,51.47,5/21/2001,Q2,H1,2001,5,May,21,16.2,53353.9,8003.1,UK,Liverpool,Y,Finance
287787,Mr.,Joaquin,B,Bentley,M,joaquin.bentley@gmail.com,55.96,7/28/2012,Q3,H2,2012,7,July,28,5,53340,8001,UK,Liverpool,Y,Finance
316579,Mrs.,Leanne,Z,Potter,F,leanne.potter@exxonmobil.com,28.52,10/16/2015,Q4,H2,2015,10,October,16,1.78,53113.3,7967,UK,Liverpool,Y,Finance
528086,Mr.,Bruce,Z,Carney,M,bruce.carney@hotmail.com,43.49,05/07/2013,Q2,H1,2013,5,May,7,4.23,52787.8,7918.2,UK,Liverpool,Y,Finance
234880,Mr.,Keven,E,Logan,M,keven.logan@gmail.com,28.48,05/10/2012,Q2,H1,2012,5,May,10,5.22,52383.9,7857.6,UK,Liverpool,Y,Finance
310986,Drs.,Maryellen,R,Mcfadden,F,maryellen.mcfadden@hotmail.co.uk,41.85,4/14/2017,Q2,H1,2017,4,April,14,0.29,52345,7851.8,UK,Warrington,Y,Finance
894936,Ms.,Vivian,T,Burnett,F,vivian.burnett@gmail.com,57.5,09/06/2001,Q3,H2,2001,9,September,6,15.9,51863.9,7779.6,UK,Warrington,Y,Finance
130501,Drs.,Mitzi,P,Mueller,F,mitzi.mueller@hotmail.com,50.44,04/10/2010,Q2,H1,2010,4,April,10,7.3,51038.9,7655.8,UK,Liverpool,Y,Finance
300693,Mr.,Tod,N,Holcomb,M,tod.holcomb@outlook.com,30.12,06/05/2015,Q2,H1,2015,6,June,5,2.15,50955,7643.3,UK,Warrington,Y,Finance
430843,Ms.,Karina,J,Owens,F,karina.owens@gmail.com,59.78,6/30/1984,Q2,H1,1984,6,June,30,33.1,50951.7,7642.8,UK,Warrington,Y,Finance
463743,Mr.,Guy,C,Gilbert,M,guy.gilbert@gmail.com,56.9,7/17/1988,Q3,H2,1988,7,July,17,29.05,50807.2,7621.1,UK,Liverpool,Y,Finance
191963,Ms.,Deanne,H,Mccarty,F,deanne.mccarty@charter.net,43.59,07/03/2012,Q3,H2,2012,7,July,3,5.07,50593.3,7589,UK,Liverpool,Y,Finance
835545,Ms.,Janie,P,Velasquez,F,janie.velasquez@gmail.com,59.32,5/14/1983,Q2,H1,1983,5,May,14,34.23,50362.8,7554.4,UK,Liverpool,Y,Finance
414967,Mrs.,Bette,Y,Kane,F,bette.kane@gmail.com,37.6,6/13/2004,Q2,H1,2004,6,June,13,13.13,49716.7,7457.5,UK,Liverpool,Y,Finance
169763,Prof.,Benjamin,X,Macdonald,M,benjamin.macdonald@gmail.com,41.23,4/20/1999,Q2,H1,1999,4,April,20,18.28,49540,7431,UK,Warrington,Y,Finance
532285,Ms.,Leann,W,Melendez,F,leann.melendez@gmail.com,43.76,12/17/2007,Q4,H2,2007,12,December,17,9.62,49382.8,7407.4,UK,Liverpool,Y,Finance
790290,Mr.,Norris,R,Adams,M,norris.adams@yahoo.com,23.78,04/08/2016,Q2,H1,2016,4,April,8,1.3,49369.4,7405.4,UK,Liverpool,Y,Finance
117603,Mr.,Bob,W,Weiss,M,bob.weiss@hotmail.com,25.77,12/23/2012,Q4,H2,2012,12,December,23,4.6,49296.1,7394.4,UK,Liverpool,Y,Finance
934285,Mr.,Jeremy,G,English,M,jeremy.english@gmail.com,44.91,10/20/1996,Q4,H2,1996,10,October,20,20.78,48941.1,7341.2,UK,Liverpool,Y,Finance
971444,Mr.,Elias,X,Cabrera,M,elias.cabrera@yahoo.com,27.06,05/02/2016,Q2,H1,2016,5,May,2,1.24,48867.8,7330.2,UK,Warrington,Y,Finance
981925,Ms.,Ebony,B,Eaton,F,ebony.eaton@gmail.com,53.05,10/26/1999,Q4,H2,1999,10,October,26,17.77,48703.3,7305.5,UK,Liverpool,Y,Finance
798646,Ms.,Patsy,N,Koch,F,patsy.koch@gmail.com,33.06,03/09/2010,Q1,H1,2010,3,March,9,7.39,48414.4,7262.2,UK,Warrington,Y,Finance
695631,Mrs.,Juanita,O,Zimmerman,F,juanita.zimmerman@hotmail.com,42.81,11/18/2010,Q4,H2,2010,11,November,18,6.7,48288.3,7243.3,UK,Liverpool,Y,Finance
866051,Ms.,Leann,R,Ortiz,F,leann.ortiz@gmail.com,27.46,04/08/2011,Q2,H1,2011,4,April,8,6.31,48093.9,7214.1,UK,Liverpool,Y,Finance
513011,Ms.,Tara,Y,Forbes,F,tara.forbes@gmail.com,41.12,9/24/2009,Q3,H2,2009,9,September,24,7.85,47702.2,7155.3,UK,Warrington,Y,Finance
159108,Mrs.,Shanna,U,Silva,F,shanna.silva@gmail.com,59.15,10/23/1999,Q4,H2,1999,10,October,23,17.78,47685,7152.8,UK,Warrington,Y,Finance
740281,Ms.,Lorna,W,Henson,F,lorna.henson@outlook.com,28.15,10/23/2011,Q4,H2,2011,10,October,23,5.77,47450,7117.5,UK,Liverpool,Y,Finance
621606,Mr.,Rogelio,P,Poole,M,rogelio.poole@exxonmobil.com,25.34,7/27/2014,Q3,H2,2014,7,July,27,3.01,47303.9,7095.6,UK,Liverpool,Y,Finance
443072,Mr.,Rosendo,R,Rasmussen,M,rosendo.rasmussen@earthlink.net,38.78,4/29/2001,Q2,H1,2001,4,April,29,16.26,47202.2,7080.3,UK,Liverpool,Y,Finance
323914,Mr.,German,M,Carney,M,german.carney@aol.com,59.06,5/14/2000,Q2,H1,2000,5,May,14,17.22,47124.4,7068.7,UK,Warrington,Y,Finance
326358,Mr.,Neil,U,Murray,M,neil.murray@apple.com,31.88,3/24/2016,Q1,H1,2016,3,March,24,1.35,46750.6,7012.6,UK,Warrington,Y,Finance
790008,Ms.,Luann,R,Crane,F,luann.crane@gmail.com,40.37,7/15/2010,Q3,H2,2010,7,July,15,7.04,46742.2,7011.3,UK,Liverpool,Y,Finance
932425,Mr.,Christoper,Y,Haynes,M,christoper.haynes@yahoo.com,37.93,2/24/2014,Q1,H1,2014,2,February,24,3.42,46682.8,7002.4,UK,Liverpool,Y,Finance
825433,Mrs.,Tara,H,Goodwin,F,tara.goodwin@shaw.ca,49.05,11/24/2007,Q4,H2,2007,11,November,24,9.68,46679.4,7001.9,UK,Liverpool,Y,Finance
579618,Hon.,Demetrius,Z,Ruiz,M,demetrius.ruiz@gmail.com,24.64,5/20/2015,Q2,H1,2015,5,May,20,2.19,46550,6982.5,UK,Liverpool,Y,Finance
935890,Hon.,Jodie,I,Mckinney,F,jodie.mckinney@bp.com,21.8,12/24/2016,Q4,H2,2016,12,December,24,0.59,46291.7,6943.8,UK,Liverpool,Y,Finance
434723,Mrs.,Melanie,L,Zimmerman,F,melanie.zimmerman@aol.com,47.17,01/12/1999,Q1,H1,1999,1,January,12,18.55,46277.8,6941.7,UK,Liverpool,Y,Finance
129426,Drs.,Lana,E,Hayes,F,lana.hayes@hotmail.com,41.64,10/15/2013,Q4,H2,2013,10,October,15,3.79,45701.7,6855.3,UK,Liverpool,Y,Finance
771425,Mr.,Lewis,T,Fuller,M,lewis.fuller@comcast.net,58.78,12/20/2006,Q4,H2,2006,12,December,20,10.61,45285.6,6792.8,UK,Liverpool,Y,Finance
770810,Mr.,Craig,W,Marquez,M,craig.marquez@gmail.com,35.14,12/18/2004,Q4,H2,2004,12,December,18,12.62,44963.3,6744.5,UK,Liverpool,Y,Finance
434046,Mrs.,Bianca,I,Langley,F,bianca.langley@gmail.com,57.19,4/14/1994,Q2,H1,1994,4,April,14,23.3,44913.3,6737,UK,Warrington,Y,Finance
255640,Mr.,Stanley,T,Lowe,M,stanley.lowe@gmail.com,30.91,11/14/2008,Q4,H2,2008,11,November,14,8.71,44832.8,6724.9,UK,Liverpool,Y,Finance
273645,Dr.,Manuel,J,Fulton,M,manuel.fulton@gmail.com,34.06,6/29/2017,Q2,H1,2017,6,June,29,0.08,44793.9,6719.1,UK,Warrington,Y,Finance
346662,Mr.,Garth,I,Clarke,M,garth.clarke@yahoo.com,47.74,11/07/2015,Q4,H2,2015,11,November,7,1.72,44470.6,6670.6,UK,Warrington,Y,Finance
197867,Mrs.,Robbie,C,Oconnor,F,robbie.oconnor@bellsouth.net,24.48,5/30/2014,Q2,H1,2014,5,May,30,3.16,44407.8,6661.2,UK,Liverpool,Y,Finance
865628,Mr.,Desmond,R,Wynn,M,desmond.wynn@hotmail.com,25.07,10/01/2013,Q4,H2,2013,10,October,1,3.82,44153.3,6623,UK,Warrington,Y,Finance
315565,Mrs.,Loretta,M,Sawyer,F,loretta.sawyer@hotmail.com,21.53,03/07/2017,Q1,H1,2017,3,March,7,0.39,43766.7,6565,UK,Liverpool,Y,Finance
155956,Mr.,Sterling,K,Hooper,M,sterling.hooper@hotmail.com,54.89,8/18/2003,Q3,H2,2003,8,August,18,13.95,43740,6561,UK,Liverpool,Y,Finance
924304,Mrs.,Elvira,D,Byrd,F,elvira.byrd@gmail.com,27.49,4/19/2011,Q2,H1,2011,4,April,19,6.28,43215,6482.3,UK,Liverpool,Y,Finance
138351,Mr.,Nestor,J,Carney,M,nestor.carney@gmail.com,42.18,12/04/1996,Q4,H2,1996,12,December,4,20.66,43070,6460.5,UK,Liverpool,Y,Finance
423008,Drs.,Inez,C,Kane,F,inez.kane@ntlworld.com,32.23,09/11/2009,Q3,H2,2009,9,September,11,7.88,42995.6,6449.3,UK,Liverpool,Y,Finance
495105,Mrs.,Coleen,V,Morris,F,coleen.morris@gmail.com,21.71,02/02/2017,Q1,H1,2017,2,February,2,0.48,42558.3,6383.8,UK,Liverpool,Y,Finance
724235,Mr.,Quentin,J,Benson,M,quentin.benson@gmail.com,37.38,4/17/2013,Q2,H1,2013,4,April,17,4.28,42131.7,6319.8,UK,Liverpool,Y,Finance
966375,Dr.,Mathew,O,Hodge,M,mathew.hodge@hotmail.com,22.08,11/11/2016,Q4,H2,2016,11,November,11,0.71,41991.1,6298.7,UK,Warrington,Y,Finance
449164,Drs.,Lillian,H,Gill,F,lillian.gill@gmail.com,47.03,04/09/2000,Q2,H1,2000,4,April,9,17.31,41895,6284.3,UK,Liverpool,Y,Finance
634658,Mr.,Rolland,D,Mendoza,M,rolland.mendoza@yahoo.com,51.01,1/26/2015,Q1,H1,2015,1,January,26,2.5,41735,6260.3,UK,Liverpool,Y,Finance
855988,Hon.,Christian,G,Morrison,M,christian.morrison@yahoo.co.in,58.1,11/12/2011,Q4,H2,2011,11,November,12,5.71,41727.2,6259.1,UK,Liverpool,Y,HR
959306,Ms.,Shana,O,Gould,F,shana.gould@gmail.com,44.05,8/17/2000,Q3,H2,2000,8,August,17,16.96,41645,6246.8,UK,Liverpool,Y,HR
520702,Ms.,Clarissa,Z,Lawson,F,clarissa.lawson@hotmail.com,24.1,11/11/2015,Q4,H2,2015,11,November,11,1.71,41624.4,6243.7,UK,Liverpool,Y,HR
215589,Ms.,Molly,X,Roach,F,molly.roach@gmail.com,50.8,10/01/2005,Q4,H2,2005,10,October,1,11.83,41557.2,6233.6,UK,Liverpool,Y,HR
118236,Mr.,Monroe,D,Beach,M,monroe.beach@bp.com,29.8,8/26/2015,Q3,H2,2015,8,August,26,1.92,41362.2,6204.3,UK,Liverpool,Y,HR
316407,Drs.,Raquel,A,Bray,F,raquel.bray@hotmail.co.uk,23.65,09/10/2015,Q3,H2,2015,9,September,10,1.88,41360.6,6204.1,UK,Liverpool,Y,HR
541867,Ms.,Lorrie,V,Leblanc,F,lorrie.leblanc@gmail.com,49.58,2/13/1993,Q1,H1,1993,2,February,13,24.47,41217.8,6182.7,UK,Liverpool,Y,HR
127205,Mrs.,Annmarie,C,Frye,F,annmarie.frye@charter.net,31.17,7/14/2013,Q3,H2,2013,7,July,14,4.04,40545,6081.8,UK,Liverpool,Y,HR
937737,Mr.,Roberto,T,Caldwell,M,roberto.caldwell@gmail.com,22.98,03/11/2017,Q1,H1,2017,3,March,11,0.38,39957.8,5993.7,UK,Liverpool,Y,HR
224473,Ms.,Adriana,R,Mcfarland,F,adriana.mcfarland@outlook.com,38.94,01/10/2000,Q1,H1,2000,1,January,10,17.56,39915,5987.3,UK,Liverpool,Y,HR
902132,Mrs.,Colleen,N,Bray,F,colleen.bray@hotmail.com,35.33,7/29/2014,Q3,H2,2014,7,July,29,3,39880,5982,UK,Liverpool,Y,HR
768943,Mrs.,Connie,O,Shaffer,F,connie.shaffer@walmart.com,43.99,10/15/1999,Q4,H2,1999,10,October,15,17.8,39533.3,5930,UK,Liverpool,Y,HR
505758,Mr.,Garland,Q,Watkins,M,garland.watkins@apple.com,55.57,9/26/2008,Q3,H2,2008,9,September,26,8.84,39362.2,5904.3,UK,Liverpool,Y,HR
759248,Dr.,Rory,V,Fowler,M,rory.fowler@shaw.ca,41.42,12/22/2004,Q4,H2,2004,12,December,22,12.61,39236.7,5885.5,UK,Warrington,Y,HR
871770,Ms.,Monique,S,Deleon,F,monique.deleon@hotmail.com,27.32,5/17/2015,Q2,H1,2015,5,May,17,2.2,38780.6,5817.1,UK,Liverpool,Y,HR
979649,Mr.,Jamar,Q,Castaneda,M,jamar.castaneda@yahoo.com,35.24,5/22/2006,Q2,H1,2006,5,May,22,11.19,38191.7,5728.8,UK,Liverpool,Y,HR
766783,Mrs.,Marta,N,Cervantes,F,marta.cervantes@gmail.com,46.47,9/17/2016,Q3,H2,2016,9,September,17,0.86,37852.2,5677.8,UK,Warrington,Y,HR
811489,Hon.,Susanna,R,Huff,F,susanna.huff@hotmail.com,47.08,05/04/2011,Q2,H1,2011,5,May,4,6.24,37502.8,5625.4,UK,Liverpool,Y,HR
279563,Mr.,Clint,A,Bridges,M,clint.bridges@aol.com,23.25,10/14/2015,Q4,H2,2015,10,October,14,1.79,37467.8,5620.2,UK,Warrington,Y,HR
189557,Mrs.,Claudine,Y,Black,F,claudine.black@gmail.com,39.21,09/09/2015,Q3,H2,2015,9,September,9,1.88,37443.3,5616.5,UK,Liverpool,Y,HR
397164,Mrs.,Silvia,F,Huff,F,silvia.huff@gmail.com,43.48,1/28/2009,Q1,H1,2009,1,January,28,8.5,37327.2,5599.1,UK,Liverpool,Y,HR
145327,Mr.,Erin,M,Olsen,M,erin.olsen@yahoo.ca,22.99,4/19/2016,Q2,H1,2016,4,April,19,1.27,36986.1,5547.9,UK,Warrington,Y,HR
962851,Ms.,Kathie,E,Kirby,F,kathie.kirby@sbcglobal.net,30.7,7/30/2011,Q3,H2,2011,7,July,30,6,36658.3,5498.8,UK,Liverpool,Y,HR
951857,Drs.,Sherri,T,Snyder,F,sherri.snyder@gmail.com,26.18,8/21/2013,Q3,H2,2013,8,August,21,3.94,36554.4,5483.2,UK,Warrington,Y,HR
505780,Drs.,Ester,Z,Houston,F,ester.houston@ibm.com,39.41,07/01/2007,Q3,H2,2007,7,July,1,10.08,36526.7,5479,UK,Liverpool,Y,HR
725424,Dr.,Roderick,R,Vinson,M,roderick.vinson@hotmail.com,23.42,8/28/2016,Q3,H2,2016,8,August,28,0.92,36280,5442,UK,Liverpool,Y,HR
648118,Drs.,Bobbie,M,Joyner,F,bobbie.joyner@gmail.com,46.3,4/19/2016,Q2,H1,2016,4,April,19,1.27,36196.1,5429.4,UK,Liverpool,Y,HR
528576,Mr.,Darin,F,Callahan,M,darin.callahan@gmail.com,24.77,4/14/2014,Q2,H1,2014,4,April,14,3.29,36056.1,5408.4,UK,Liverpool,Y,HR
423470,Mrs.,Ella,W,Craft,F,ella.craft@aol.com,25.46,04/07/2017,Q2,H1,2017,4,April,7,0.31,35845,5376.8,UK,Liverpool,Y,HR
542826,Mr.,Marcus,D,Bolton,M,marcus.bolton@aol.com,40.09,01/09/2011,Q1,H1,2011,1,January,9,6.55,35291.7,5293.8,UK,Warrington,Y,HR
158543,Mr.,Greg,S,Kane,M,greg.kane@bp.com,53.33,5/21/1992,Q2,H1,1992,5,May,21,25.2,34946.7,5242,UK,Warrington,Y,HR
713805,Mr.,Adam,I,Bartlett,M,adam.bartlett@aol.com,45.87,6/20/2005,Q2,H1,2005,6,June,20,12.11,34931.1,5239.7,UK,Liverpool,Y,HR
451972,Hon.,Waldo,I,Shields,M,waldo.shields@aol.com,46.69,2/22/2012,Q1,H1,2012,2,February,22,5.43,34686.1,5202.9,UK,Warrington,Y,HR
354363,Ms.,Tabatha,W,Arnold,F,tabatha.arnold@gmail.com,41.02,12/01/2004,Q4,H2,2004,12,December,1,12.66,34449.4,5167.4,UK,Liverpool,Y,HR
404070,Prof.,Aldo,J,Medina,M,aldo.medina@gmail.com,43.75,10/04/2009,Q4,H2,2009,10,October,4,7.82,34328.3,5149.3,UK,Warrington,Y,HR
766745,Hon.,Joanne,K,Melton,F,joanne.melton@verizon.net,52.64,3/30/2006,Q1,H1,2006,3,March,30,11.34,34159.4,5123.9,UK,Liverpool,Y,HR
509911,Ms.,Kirsten,Y,Lee,F,kirsten.lee@hotmail.com,48.81,12/19/2014,Q4,H2,2014,12,December,19,2.61,33958.9,5093.8,UK,Liverpool,Y,HR
431841,Ms.,Taylor,K,Barlow,F,taylor.barlow@aol.com,52.51,4/18/1987,Q2,H1,1987,4,April,18,30.3,33934.4,5090.2,UK,Liverpool,Y,HR
870904,Ms.,Maxine,F,Moran,F,maxine.moran@gmail.com,49.28,3/25/2009,Q1,H1,2009,3,March,25,8.35,33920,5088,UK,Liverpool,Y,HR
412201,Ms.,Dina,Q,Jones,F,dina.jones@aol.com,26.94,7/26/2013,Q3,H2,2013,7,July,26,4.01,33852.8,5077.9,UK,Liverpool,Y,HR
225090,Mr.,Alfredo,H,Vasquez,M,alfredo.vasquez@bp.com,44.3,10/04/2005,Q4,H2,2005,10,October,4,11.82,32937.2,4940.6,UK,Liverpool,Y,HR
785299,Mr.,Marc,F,Nixon,M,marc.nixon@gmail.com,47.47,12/28/2005,Q4,H2,2005,12,December,28,11.59,32846.1,4926.9,UK,Liverpool,Y,HR
252938,Hon.,Antoine,H,Wiley,M,antoine.wiley@verizon.net,21.44,4/18/2017,Q2,H1,2017,4,April,18,0.28,32629.4,4894.4,UK,Warrington,Y,HR
963676,Mr.,Bradley,L,Chan,M,bradley.chan@hotmail.com,38.1,12/02/2002,Q4,H2,2002,12,December,2,14.66,32590.6,4888.6,UK,Warrington,Y,HR
239010,Mr.,Fred,E,Hayes,M,fred.hayes@yahoo.com,37.64,3/30/2001,Q1,H1,2001,3,March,30,16.34,32413.9,4862.1,UK,Liverpool,Y,HR
763459,Mr.,Gino,A,Mcconnell,M,gino.mcconnell@aol.com,41.83,5/23/2005,Q2,H1,2005,5,May,23,12.19,32072.8,4810.9,UK,Liverpool,Y,HR
169348,Mr.,Aubrey,T,Pugh,M,aubrey.pugh@gmail.com,23.64,03/01/2016,Q1,H1,2016,3,March,1,1.41,31553.9,4733.1,UK,Warrington,Y,HR
415004,Ms.,Rosa,P,Camacho,F,rosa.camacho@gmail.com,22.32,5/25/2016,Q2,H1,2016,5,May,25,1.18,31141.1,4671.2,UK,Liverpool,Y,HR
409341,Mrs.,Imogene,O,Sanders,F,imogene.sanders@yahoo.com,32.17,10/15/2012,Q4,H2,2012,10,October,15,4.79,31025,4653.8,UK,Liverpool,Y,HR
870463,Mr.,Salvador,S,Deleon,M,salvador.deleon@hotmail.com,48.34,2/21/1995,Q1,H1,1995,2,February,21,22.45,30750.6,4612.6,UK,Liverpool,Y,HR
241302,Mr.,Monty,R,Lancaster,M,monty.lancaster@walmart.com,57.4,08/07/1985,Q3,H2,1985,8,August,7,31.99,29618.3,4442.8,UK,Liverpool,Y,HR
932453,Mrs.,Beatriz,I,Knowles,F,beatriz.knowles@gmail.com,33.44,9/16/2011,Q3,H2,2011,9,September,16,5.87,29617.2,4442.6,UK,Warrington,Y,HR
638943,Mr.,Buford,D,Hobbs,M,buford.hobbs@msn.com,41.85,3/15/2000,Q1,H1,2000,3,March,15,17.38,29422.2,4413.3,UK,Liverpool,Y,HR
750581,Ms.,Jocelyn,U,Rojas,F,jocelyn.rojas@earthlink.net,48.51,10/17/2009,Q4,H2,2009,10,October,17,7.78,27310,4096.5,UK,Liverpool,Y,HR
297741,Ms.,Lynn,E,Pena,F,lynn.pena@yahoo.co.in,54.99,11/08/1996,Q4,H2,1996,11,November,8,20.73,26912.8,4036.9,UK,Warrington,Y,HR
149763,Dr.,Dudley,N,Melton,M,dudley.melton@aol.com,26.34,5/17/2013,Q2,H1,2013,5,May,17,4.2,26910,4036.5,UK,Liverpool,Y,HR
311079,Dr.,Morgan,C,Farrell,M,morgan.farrell@gmail.com,28.3,11/23/2011,Q4,H2,2011,11,November,23,5.68,26773.3,4016,UK,Liverpool,Y,HR
648913,Mr.,Irwin,D,Jenkins,M,irwin.jenkins@aol.com,42.22,5/23/2013,Q2,H1,2013,5,May,23,4.18,26740.6,4011.1,UK,Warrington,Y,HR
948512,Mr.,Jared,Q,Shepherd,M,jared.shepherd@ntlworld.com,21.35,05/10/2017,Q2,H1,2017,5,May,10,0.22,26310.6,3946.6,UK,Liverpool,Y,HR
761381,Ms.,Nichole,Z,Lloyd,F,nichole.lloyd@shell.com,31.28,12/15/2016,Q4,H2,2016,12,December,15,0.62,25981.1,3897.2,UK,Liverpool,Y,HR
587361,Hon.,Rosario,W,Trevino,F,rosario.trevino@hotmail.co.uk,56.64,6/30/2001,Q2,H1,2001,6,June,30,16.09,25807.2,3871.1,UK,Warrington,Y,HR
974444,Prof.,Luther,F,Mcneil,M,luther.mcneil@aol.com,25.34,04/02/2014,Q2,H1,2014,4,April,2,3.32,25689.4,3853.4,UK,Liverpool,Y,HR
781472,Mr.,Isiah,T,Guthrie,M,isiah.guthrie@bellsouth.net,51.98,05/06/2009,Q2,H1,2009,5,May,6,8.23,25288.3,3793.3,UK,Liverpool,Y,HR
463784,Mr.,Scott,H,Best,M,scott.best@cox.net,26.95,12/22/2015,Q4,H2,2015,12,December,22,1.6,25116.7,3767.5,UK,Warrington,Y,HR
603575,Ms.,Ophelia,V,Wagner,F,ophelia.wagner@ibm.com,45.52,11/25/2013,Q4,H2,2013,11,November,25,3.67,25106.7,3766,UK,Liverpool,Y,HR
798043,Ms.,Claudette,B,Walter,F,claudette.walter@outlook.com,33.47,08/04/2012,Q3,H2,2012,8,August,4,4.98,24683.3,3702.5,UK,Liverpool,Y,HR
458320,Ms.,Tessa,D,Pace,F,tessa.pace@aol.com,59.68,12/29/2012,Q4,H2,2012,12,December,29,4.58,24554.4,3683.2,UK,Warrington,Y,HR
839558,Mr.,Teddy,A,Merritt,M,teddy.merritt@msn.com,40.16,5/15/2010,Q2,H1,2010,5,May,15,7.21,23995.6,3599.3,UK,Warrington,Y,HR
337955,Mr.,Jeremiah,W,Dotson,M,jeremiah.dotson@cox.net,29.05,1/21/2015,Q1,H1,2015,1,January,21,2.52,23800,3570,UK,Warrington,Y,HR
144114,Mrs.,Nancy,P,Gillespie,F,nancy.gillespie@ibm.com,37.28,02/03/2011,Q1,H1,2011,2,February,3,6.48,23220,3483,UK,Warrington,Y,HR
795934,Ms.,Melinda,L,Lopez,F,melinda.lopez@hotmail.com,32.89,11/22/2005,Q4,H2,2005,11,November,22,11.69,22937.2,3440.6,UK,Warrington,Y,HR
278391,Ms.,Jami,N,Velasquez,F,jami.velasquez@hotmail.com,25.03,8/19/2016,Q3,H2,2016,8,August,19,0.94,22712.8,3406.9,UK,Liverpool,Y,HR
220061,Prof.,Norbert,P,Joyner,M,norbert.joyner@gmail.com,51.31,11/24/2008,Q4,H2,2008,11,November,24,8.68,22638.3,3395.8,UK,Liverpool,Y,HR
620634,Ms.,Janna,Y,Hopkins,F,janna.hopkins@aol.com,29.7,12/21/2011,Q4,H2,2011,12,December,21,5.61,22369.4,3355.4,UK,Liverpool,Y,HR
